uid,tag,key,time,did,value,metric,last_modify
6499811869,object_name,2026/05/21/6499811869/xiaomiwear_app_083856.IFQOaiDa_CCImknc7uk48cwINJ97jvvcNGFI,1779323936,xiaomiwear_app,aNroPGRucteRQN_YWixr-Q==,0,1779324315
6499811869,object_name,2026/05/21/6499811869/xiaomiwear_app_083856.IFQOaiDY_CCImknc7uk48cwINJ97jvvcNGFI,1779323936,xiaomiwear_app,F5ZNjTp6BNDEW7uEX6i5YQ==,0,1779324314
6499811869,object_name,2026/05/21/6499811869/xiaomiwear_app_081853.bU8OaiDe_CCImknc7uk48cwINJ97jvvcNGFI,1779322733,xiaomiwear_app,zM5MKRkZVQb0fifjETmZQQ==,0,1779323305
6499811869,object_name,2026/05/21/6499811869/xiaomiwear_app_081853.bU8OaiDc_CCImknc7uk48cwINJ97jvvcNGFI,1779322733,xiaomiwear_app,OuR6ewNH_1JhHUTxwrRLdQ==,0,1779323306
6499811869,object_name,2026/05/20/6499811869/xiaomiwear_app_150029.DVwNaiDe_CCImknc7uk48cwINJ97jvvcNGFI,1779260429,xiaomiwear_app,m6EcmT4x6m0-Wp8BRWx4Pw==,0,1779262339
6499811869,object_name,2026/05/20/6499811869/xiaomiwear_app_150029.DVwNaiDc_CCImknc7uk48cwINJ97jvvcNGFI,1779260429,xiaomiwear_app,o3qs-vvbuyoZbIQ1U9h5Tw==,0,1779262340
6499811869,object_name,2026/05/20/6499811869/2041002168_053900.dNgMaiAg_GDD8AJnKZQF2Id7lxq8eMYGjypc,1779226740,2041002168,Thisixe1hLlEGiBLs99kVw==,0,1779241609
6499811869,object_name,2026/05/19/6499811869/xiaomiwear_app_182934.jjsMaiDa_CCImknc7uk48cwINJ97jvvcNGFI,1779186574,xiaomiwear_app,URr3SwO1jNx_0Eu-RTyfCQ==,0,1779188944
6499811869,object_name,2026/05/19/6499811869/xiaomiwear_app_182934.jjsMaiDY_CCImknc7uk48cwINJ97jvvcNGFI,1779186574,xiaomiwear_app,UdJ2BbfinFvBrNwWOBlXOw==,0,1779188943
6499811869,object_name,2026/05/15/6499811869/xiaomiwear_app_211932.ZB0HaiDa_CCImknc7uk48cwINJ97jvvcNGFI,1778851172,xiaomiwear_app,GCa_g-LlEKo17l4CJxk-7g==,0,1778851493
6499811869,object_name,2026/05/15/6499811869/xiaomiwear_app_211932.ZB0HaiDY_CCImknc7uk48cwINJ97jvvcNGFI,1778851172,xiaomiwear_app,JZbsv-1fSNKIU3zVOAw3qA==,0,1778851504
6499811869,object_name,2026/05/13/6499811869/xiaomiwear_app_082403.o8QDaiDa_CCImknc7uk48cwINJ97jvvcNGFI,1778631843,xiaomiwear_app,4Z4eU4K6sMQzvYJcCEBhJA==,0,1778632173
6499811869,object_name,2026/05/13/6499811869/xiaomiwear_app_082403.o8QDaiDY_CCImknc7uk48cwINJ97jvvcNGFI,1778631843,xiaomiwear_app,4-ZCCpFXLM4yUUOzbul3HA==,0,1778632173
6499811869,object_name,2026/05/13/6499811869/xiaomiwear_app_080841.CcEDaiDe_CCImknc7uk48cwINJ97jvvcNGFI,1778630921,xiaomiwear_app,WEOvSLbUSUZyuSaX4PkwIg==,0,1778631445
6499811869,object_name,2026/05/13/6499811869/xiaomiwear_app_080841.CcEDaiDc_CCImknc7uk48cwINJ97jvvcNGFI,1778630921,xiaomiwear_app,Ido0E_rsmsO1ELpkJP569Q==,0,1778631446
6499811869,object_name,2026/05/12/6499811869/xiaomiwear_app_120626.QqcCaiDa_CCImknc7uk48cwINJ97jvvcNGFI,1778558786,xiaomiwear_app,jfB_bCeNlAKWc8_wNS3apQ==,0,1778559449
6499811869,object_name,2026/05/12/6499811869/xiaomiwear_app_120626.QqcCaiDY_CCImknc7uk48cwINJ97jvvcNGFI,1778558786,xiaomiwear_app,F2lcdEsRriwzSN6Qgxf4vQ==,0,1778559448
6499811869,object_name,2026/05/12/6499811869/xiaomiwear_app_084137.QXcCaiDa_CCImknc7uk48cwINJ97jvvcNGFI,1778546497,xiaomiwear_app,dHrMsY0TtI6cfJ-KVXIt7w==,0,1778546736
6499811869,object_name,2026/05/12/6499811869/xiaomiwear_app_084137.QXcCaiDY_CCImknc7uk48cwINJ97jvvcNGFI,1778546497,xiaomiwear_app,d9WKGx5nDuq6OHYHLUF4nA==,0,1778546735
6499811869,object_name,2026/05/12/6499811869/xiaomiwear_app_083824.gHYCaiDa_CCImknc7uk48cwINJ97jvvcNGFI,1778546304,xiaomiwear_app,M4JB5JMFKBS3Of6APvJgow==,0,1778546437
6499811869,object_name,2026/05/12/6499811869/xiaomiwear_app_083824.gHYCaiDY_CCImknc7uk48cwINJ97jvvcNGFI,1778546304,xiaomiwear_app,o8rKP4RsHssNGJ2cKIS66A==,0,1778546436
6499811869,object_name,2026/05/12/6499811869/2041002168_081923.C3ICaiDe_GDD8AJnKZQF2Id7lxq8eMYGjypc,1778545163,2041002168,sG4QYfypqAxSAAgI6bpyKQ==,0,1778545782
6499811869,object_name,2026/05/12/6499811869/2041002168_081923.C3ICaiDc_GDD8AJnKZQF2Id7lxq8eMYGjypc,1778545163,2041002168,Oo5MSPnajCVZqkfiYE1uhw==,0,1778545781
6499811869,object_name,2026/05/11/6499811869/2041002168_082115.-yABaiDa_GDD8AJnKZQF2Id7lxq8eMYGjypc,1778458875,2041002168,rwtf7LIsIbgOHiY8uQWNIw==,0,1778459600
6499811869,object_name,2026/05/11/6499811869/2041002168_082115.-yABaiDY_GDD8AJnKZQF2Id7lxq8eMYGjypc,1778458875,2041002168,G_-CwOEj0t9_yZsNFAdLIg==,0,1778459599
6499811869,object_name,2026/05/11/6499811869/2041002168_081217.4R4BaiDe_GDD8AJnKZQF2Id7lxq8eMYGjypc,1778458337,2041002168,5cRT10ofKwwIh5bScL5F3w==,0,1778458860
6499811869,object_name,2026/05/11/6499811869/2041002168_081217.4R4BaiDc_GDD8AJnKZQF2Id7lxq8eMYGjypc,1778458337,2041002168,t3urVNFn4JDhTOKEQwe8wg==,0,1778458860
6499811869,object_name,2026/05/10/6499811869/xiaomiwear_app_124854.Ng4AaiDa_CCImknc7uk48cwINJ97jvvcNGFI,1778388534,xiaomiwear_app,0R0TXDdTtQfUxdwgFZDJYg==,0,1778389787
6499811869,object_name,2026/05/10/6499811869/xiaomiwear_app_124854.Ng4AaiDY_CCImknc7uk48cwINJ97jvvcNGFI,1778388534,xiaomiwear_app,cIrUaNYnDi3Of7_2T8GCFg==,0,1778389788
6499811869,object_name,2026/05/09/6499811869/2041002168_121010.orP-aSDa_GDD8AJnKZQF2Id7lxq8eMYGjypc,1778299810,2041002168,vmcftdzpYpdeUttwa3FFJQ==,0,1778300093
6499811869,object_name,2026/05/09/6499811869/2041002168_121010.orP-aSDY_GDD8AJnKZQF2Id7lxq8eMYGjypc,1778299810,2041002168,t3OShi9iKHYpCBFK0sA5TA==,0,1778300092
6499811869,object_name,2026/05/09/6499811869/xiaomiwear_app_121010.orP-aSDa_CCImknc7uk48cwINJ97jvvcNGFI,1778299810,xiaomiwear_app,GS0lXS-p-iO6u6gcCwZtDQ==,0,1778300091
6499811869,object_name,2026/05/08/6499811869/2041002168_211033.yeD9aSDY_GDD8AJnKZQF2Id7lxq8eMYGjypc,1778245833,2041002168,ppdRefpGtxki-9-GAMxUug==,0,1778246346
6499811869,object_name,2026/05/08/6499811869/xiaomiwear_app_113359.p1n9aSDa_CCImknc7uk48cwINJ97jvvcNGFI,1778211239,xiaomiwear_app,-TFNCa8x3bGS3E6ZJO8HtQ==,0,1778299799
6499811869,object_name,2026/05/08/6499811869/xiaomiwear_app_113359.p1n9aSDY_CCImknc7uk48cwINJ97jvvcNGFI,1778211239,xiaomiwear_app,hRWbpvTsdBk83PDPzfsllA==,0,1778299800
6499811869,object_name,2026/05/06/6499811869/xiaomiwear_app_223443.g1H7aSDa_CCImknc7uk48cwINJ97jvvcNGFI,1778078083,xiaomiwear_app,Itr07uQUjXz9jtUdtFWmsw==,0,1778078798
6499811869,object_name,2026/05/06/6499811869/xiaomiwear_app_223443.g1H7aSDY_CCImknc7uk48cwINJ97jvvcNGFI,1778078083,xiaomiwear_app,5SplrCCKTFEckcXPprtgXQ==,0,1778078798
6499811869,object_name,2026/05/06/6499811869/xiaomiwear_app_081039._4b6aSDa_CCImknc7uk48cwINJ97jvvcNGFI,1778026239,xiaomiwear_app,VIjPLW7m-glmpY06N_uNyQ==,0,1778026745
6499811869,object_name,2026/05/06/6499811869/xiaomiwear_app_081039._4b6aSDY_CCImknc7uk48cwINJ97jvvcNGFI,1778026239,xiaomiwear_app,bFlm6qYqCDenO9lYtE5CzA==,0,1778026745
6499811869,object_name,2026/05/06/6499811869/xiaomiwear_app_074856.6IH6aSDa_CCImknc7uk48cwINJ97jvvcNGFI,1778024936,xiaomiwear_app,rR3GcleDbSh-8pKTBa8txg==,0,1778025089
6499811869,object_name,2026/05/06/6499811869/xiaomiwear_app_074856.6IH6aSDY_CCImknc7uk48cwINJ97jvvcNGFI,1778024936,xiaomiwear_app,Zd6rdI5twd4oR_oGWI8-Eg==,0,1778025088
6499811869,object_name,2026/05/06/6499811869/2041002168_071000.yHj6aSAg_GDD8AJnKZQF2Id7lxq8eMYGjypc,1778022600,2041002168,Q8xmBCZXdOR3ccgMJzBnEg==,0,1778033479
6499811869,object_name,2026/05/05/6499811869/xiaomiwear_app_180733.ZcH5aSDa_CCImknc7uk48cwINJ97jvvcNGFI,1777975653,xiaomiwear_app,D2PTVvRhDLQ2ikKmVAOFNA==,0,1777976198
6499811869,object_name,2026/05/05/6499811869/xiaomiwear_app_180733.ZcH5aSDY_CCImknc7uk48cwINJ97jvvcNGFI,1777975653,xiaomiwear_app,iVQLK50M6mDx3TOzFzEgAA==,0,1777976199
6499811869,object_name,2026/05/04/6499811869/2041002168_070500.nNT3aSAg_GDD8AJnKZQF2Id7lxq8eMYGjypc,1777849500,2041002168,8Rh8j41zf905fAMUTsI06A==,0,1777965053
6499811869,object_name,2026/05/01/6499811869/2041002168_122544.SCv0aSDa_GDD8AJnKZQF2Id7lxq8eMYGjypc,1777609544,2041002168,c5jpr5jtD9h8roY2-XeJHw==,0,1777609748
6499811869,object_name,2026/05/01/6499811869/2041002168_122544.SCv0aSDY_GDD8AJnKZQF2Id7lxq8eMYGjypc,1777609544,2041002168,HDRB7Ek6jy7dG2OZNyS3Yw==,0,1777609746
6499811869,object_name,2026/05/01/6499811869/xiaomiwear_app_122544.SCv0aSDa_CCImknc7uk48cwINJ97jvvcNGFI,1777609544,xiaomiwear_app,rJ5F1YMDyBqe-cTM2E5n8Q==,0,1777609746
6499811869,object_name,2026/05/01/6499811869/2041002168_115024.ACP0aSDY_GDD8AJnKZQF2Id7lxq8eMYGjypc,1777607424,2041002168,T7W7cXnLqe2l-NmwTcJodw==,0,1777607890
6499811869,object_name,2026/05/01/6499811869/xiaomiwear_app_114755.ayL0aSDa_CCImknc7uk48cwINJ97jvvcNGFI,1777607275,xiaomiwear_app,9DokqvuMQI8vXovRV7rLvg==,0,1777607903
6499811869,object_name,2026/05/01/6499811869/xiaomiwear_app_114755.ayL0aSDY_CCImknc7uk48cwINJ97jvvcNGFI,1777607275,xiaomiwear_app,tp4CBHZ_F4OhHy44AM51nA==,0,1777607902
6499811869,object_name,2026/05/01/6499811869/xiaomiwear_app_084213.5fbzaSDa_CCImknc7uk48cwINJ97jvvcNGFI,1777596133,xiaomiwear_app,0TP6X9T6TExttG3EJdbUxg==,0,1777596276
6499811869,object_name,2026/05/01/6499811869/xiaomiwear_app_084213.5fbzaSDY_CCImknc7uk48cwINJ97jvvcNGFI,1777596133,xiaomiwear_app,6xustRwd6V0lODPdwb7Qlw==,0,1777596276
6499811869,object_name,2026/05/01/6499811869/2041002168_064600.qNvzaSAg_GDD8AJnKZQF2Id7lxq8eMYGjypc,1777589160,2041002168,20sgj1Z5E7naAFPBKick2Q==,0,1777607411
6499811869,object_name,2026/04/29/6499811869/2041002168_172936.gM_xaSDY_GDD8AJnKZQF2Id7lxq8eMYGjypc,1777454976,2041002168,1ZQZHcwE0ZmsaiNpy-EtQA==,0,1777455411
6499811869,object_name,2026/04/29/6499811869/xiaomiwear_app_172915.a8_xaSDa_CCImknc7uk48cwINJ97jvvcNGFI,1777454955,xiaomiwear_app,MhOVXXBSEE_Bj8DtX7T9Hg==,0,1777455713
6499811869,object_name,2026/04/29/6499811869/xiaomiwear_app_172915.a8_xaSDY_CCImknc7uk48cwINJ97jvvcNGFI,1777454955,xiaomiwear_app,jFX_2bb0KRLoSWhOaxK3xQ==,0,1777455713
6499811869,object_name,2026/04/29/6499811869/2041002168_074300.BEbxaSAg_GDD8AJnKZQF2Id7lxq8eMYGjypc,1777419780,2041002168,DS0tpa9FyGYQsL94Cn5OYA==,0,1777455730
6499811869,object_name,2026/04/28/6499811869/xiaomiwear_app_072921.UfHvaSDa_CCImknc7uk48cwINJ97jvvcNGFI,1777332561,xiaomiwear_app,MePnFLGdvFjifBh5n4ZnvQ==,0,1777333913
6499811869,object_name,2026/04/28/6499811869/xiaomiwear_app_072921.UfHvaSDY_CCImknc7uk48cwINJ97jvvcNGFI,1777332561,xiaomiwear_app,QYTr_vNtL9Svl3YsFjYC3w==,0,1777333912
6499811869,object_name,2026/04/27/6499811869/xiaomiwear_app_180717.VTXvaSDa_CCImknc7uk48cwINJ97jvvcNGFI,1777284437,xiaomiwear_app,XLodmtdkPIMKVGIhRF4Bjw==,0,1777285178
6499811869,object_name,2026/04/27/6499811869/xiaomiwear_app_180717.VTXvaSDY_CCImknc7uk48cwINJ97jvvcNGFI,1777284437,xiaomiwear_app,MERFzT5cvpQyph4fucSkiw==,0,1777285177
6499811869,object_name,2026/04/27/6499811869/xiaomiwear_app_081827.U6vuaSDa_CCImknc7uk48cwINJ97jvvcNGFI,1777249107,xiaomiwear_app,veVdpcKwTIr0AozZfEPhyg==,0,1777249455
6499811869,object_name,2026/04/27/6499811869/xiaomiwear_app_081827.U6vuaSDY_CCImknc7uk48cwINJ97jvvcNGFI,1777249107,xiaomiwear_app,S5KgIfBuL_M6f8TAtuyR7A==,0,1777249455
6499811869,object_name,2026/04/27/6499811869/xiaomiwear_app_080121.UafuaSDe_CCImknc7uk48cwINJ97jvvcNGFI,1777248081,xiaomiwear_app,owLIzycCJqOD9ujPPqEnBQ==,0,1777248684
6499811869,object_name,2026/04/27/6499811869/xiaomiwear_app_080121.UafuaSDc_CCImknc7uk48cwINJ97jvvcNGFI,1777248081,xiaomiwear_app,8VV_XP4yzigM4_acH8H6iw==,0,1777248685
6499811869,object_name,2026/04/27/6499811869/2041002168_064700.5JXuaSAg_GDD8AJnKZQF2Id7lxq8eMYGjypc,1777243620,2041002168,WBkbA2f0UF7S1VrkMlvZ5A==,0,1777284433
6499811869,object_name,2026/04/25/6499811869/2041002168_070700.lPfraSAg_GDD8AJnKZQF2Id7lxq8eMYGjypc,1777072020,2041002168,h7DqUr00a1-sb-DvjaAMXw==,0,1777120140
6499811869,object_name,2026/04/24/6499811869/2041002168_183402.GkfraSDa_GDD8AJnKZQF2Id7lxq8eMYGjypc,1777026842,2041002168,zXDFAof0vIYf_916PXqa7g==,0,1777037757
6499811869,object_name,2026/04/24/6499811869/2041002168_183402.GkfraSDY_GDD8AJnKZQF2Id7lxq8eMYGjypc,1777026842,2041002168,yMoWdYrnFuZb37yZ6VVuIQ==,0,1777035653
6499811869,object_name,2026/04/24/6499811869/xiaomiwear_app_081837.3bbqaSDa_CCImknc7uk48cwINJ97jvvcNGFI,1776989917,xiaomiwear_app,xWdmjBLV6T2cQjRJlwuljQ==,0,1776990495
6499811869,object_name,2026/04/24/6499811869/xiaomiwear_app_081837.3bbqaSDY_CCImknc7uk48cwINJ97jvvcNGFI,1776989917,xiaomiwear_app,bs4S_ebb8DN7k32cXVfF6w==,0,1776990496
6499811869,object_name,2026/04/24/6499811869/xiaomiwear_app_075444.RLHqaSDa_CCImknc7uk48cwINJ97jvvcNGFI,1776988484,xiaomiwear_app,lq-6EMRH4JUM-sYtzX2IJw==,0,1776989002
6499811869,object_name,2026/04/24/6499811869/xiaomiwear_app_075444.RLHqaSDY_CCImknc7uk48cwINJ97jvvcNGFI,1776988484,xiaomiwear_app,cFDa1AW0-EZWHKbHmCKGRQ==,0,1776989002
6499811869,object_name,2026/04/24/6499811869/2041002168_071500.9KfqaSAg_GDD8AJnKZQF2Id7lxq8eMYGjypc,1776986100,2041002168,KSUGnu7sChDKu8i5WZ0h-w==,0,1776990535
6499811869,object_name,2024/06/28/6499811869/514074232_162700.1HN-ZiAg_15wrfviLrNNm0wW3o-SsviNmTF4,1719563220,514074232,O5moM99IjdUAZo3an9hF_w==,0,1719759405
6499811869,object_name,2024/06/27/6499811869/xiaomiwear_app_183629.rUB9ZiDa_CCImknc7uk48cwINJ97jvvcNGFI,1719484589,xiaomiwear_app,GA70le_x_V1gOk5F_My8Gg==,0,1719487479
6499811869,object_name,2024/06/27/6499811869/xiaomiwear_app_183629.rUB9ZiDY_CCImknc7uk48cwINJ97jvvcNGFI,1719484589,xiaomiwear_app,Eax4oM5ezC7-p_C8NBaoVg==,0,1719487484
6499811869,object_name,2024/06/24/6499811869/xiaomiwear_app_190707.W1N5ZiDa_CCImknc7uk48cwINJ97jvvcNGFI,1719227227,xiaomiwear_app,GCWjaSbDi23Dazt-6wJ04g==,0,1719379447
6499811869,object_name,2024/06/24/6499811869/xiaomiwear_app_190707.W1N5ZiDY_CCImknc7uk48cwINJ97jvvcNGFI,1719227227,xiaomiwear_app,nn1yIsY28-uZlxCUIlgeGA==,0,1719379448
6499811869,object_name,2024/06/24/6499811869/xiaomiwear_app_182205.zUh5ZiDa_CCImknc7uk48cwINJ97jvvcNGFI,1719224525,xiaomiwear_app,uZ-2EJ0mNjMOrTDvH_YdAg==,0,1719226384
6499811869,object_name,2024/06/24/6499811869/xiaomiwear_app_182205.zUh5ZiDY_CCImknc7uk48cwINJ97jvvcNGFI,1719224525,xiaomiwear_app,zwlNFvsJWTPMzFvmxyxRdQ==,0,1719226387
6499811869,object_name,2024/06/18/6499811869/xiaomiwear_app_194037.NXJxZiDa_CCImknc7uk48cwINJ97jvvcNGFI,1718710837,xiaomiwear_app,TaRPzGKpBYCrfvdJ1u8Jew==,0,1718712450
6499811869,object_name,2024/06/18/6499811869/xiaomiwear_app_194037.NXJxZiDY_CCImknc7uk48cwINJ97jvvcNGFI,1718710837,xiaomiwear_app,maHkIDIjCXiPb9G8Ocrfjg==,0,1718712449
6499811869,object_name,2024/06/17/6499811869/xiaomiwear_app_190215.txdwZiDa_CCImknc7uk48cwINJ97jvvcNGFI,1718622135,xiaomiwear_app,S2UOEA0nc5ebBK1DCsnMpA==,0,1718709364
6499811869,object_name,2024/06/17/6499811869/xiaomiwear_app_190215.txdwZiDY_CCImknc7uk48cwINJ97jvvcNGFI,1718622135,xiaomiwear_app,aDBO1T6VEey2K8dUmCuQdw==,0,1718709362
6499811869,object_name,2024/06/12/6499811869/xiaomiwear_app_084116.rO5oZiDa_CCImknc7uk48cwINJ97jvvcNGFI,1718152876,xiaomiwear_app,pSNo0_jqglT2-ftszcfB9g==,0,1718153660
6499811869,object_name,2024/06/12/6499811869/xiaomiwear_app_084116.rO5oZiDY_CCImknc7uk48cwINJ97jvvcNGFI,1718152876,xiaomiwear_app,vKwGuwjj9FqsitdVG6_Z3w==,0,1718153659
6499811869,object_name,2024/06/10/6499811869/514074232_203000.yPFmZiAg_15wrfviLrNNm0wW3o-SsviNmTF4,1718022600,514074232,Z3d9B7QIhan_6ahzCT4FAQ==,0,1718153126
6499811869,object_name,2024/06/09/6499811869/xiaomiwear_app_200249.6ZllZiDa_CCImknc7uk48cwINJ97jvvcNGFI,1717934569,xiaomiwear_app,ODs9UUUUhSE1KB6VL11_rw==,0,1717935720
6499811869,object_name,2024/06/09/6499811869/xiaomiwear_app_200249.6ZllZiDY_CCImknc7uk48cwINJ97jvvcNGFI,1717934569,xiaomiwear_app,CgTp1qkj-57sk8uwEmZblQ==,0,1717935721
6499811869,object_name,2024/06/07/6499811869/514074232_170600.eM1iZiAg_15wrfviLrNNm0wW3o-SsviNmTF4,1717751160,514074232,CjHs655L2i4HnHb8Zt9Hyg==,0,1717821531
6499811869,object_name,2024/06/01/6499811869/514074232_104200.eIpaZiAg_15wrfviLrNNm0wW3o-SsviNmTF4,1717209720,514074232,KvydgwOpVaSV_WzOruBBHA==,0,1717821530
6499811869,object_name,2024/05/31/6499811869/xiaomiwear_app_184953.UatZZiDa_CCImknc7uk48cwINJ97jvvcNGFI,1717152593,xiaomiwear_app,WxhpTA0YSa3lJqtKUZ4n3w==,0,1717761846
6499811869,object_name,2024/05/31/6499811869/xiaomiwear_app_184953.UatZZiDY_CCImknc7uk48cwINJ97jvvcNGFI,1717152593,xiaomiwear_app,U2MbGuhpbaOUHkkDVWYNhA==,0,1717761843
6499811869,object_name,2024/05/31/6499811869/514074232_075100.5BBZZiAg_15wrfviLrNNm0wW3o-SsviNmTF4,1717113060,514074232,5pmSufu9uhFXjtBK7sDqpQ==,0,1717821529
6499811869,object_name,2024/05/30/6499811869/xiaomiwear_app_190822.Jl5YZiDa_CCImknc7uk48cwINJ97jvvcNGFI,1717067302,xiaomiwear_app,x8xZPBFTNz-ECI5fkvcuNA==,0,1717152591
6499811869,object_name,2024/05/30/6499811869/xiaomiwear_app_190822.Jl5YZiDY_CCImknc7uk48cwINJ97jvvcNGFI,1717067302,xiaomiwear_app,3YenX3uRQ81tlbzRMaxuTg==,0,1717152592
6499811869,object_name,2024/05/29/6499811869/514074232_230000.8EJXZiAg_15wrfviLrNNm0wW3o-SsviNmTF4,1716994800,514074232,s42q-Di2XKB4cDTL08Ftfw==,0,1717821529
6499811869,object_name,2024/05/28/6499811869/xiaomiwear_app_181320.QK5VZiDa_CCImknc7uk48cwINJ97jvvcNGFI,1716891200,xiaomiwear_app,xKioMJWJ12Kp2OSRnTvHHw==,0,1717029761
6499811869,object_name,2024/05/28/6499811869/xiaomiwear_app_181320.QK5VZiDY_CCImknc7uk48cwINJ97jvvcNGFI,1716891200,xiaomiwear_app,L43K_4tkmLWFPlj8jXrYtA==,0,1717029761
6499811869,object_name,2024/05/28/6499811869/xiaomiwear_app_181319.P65VZiDY_CCImknc7uk48cwINJ97jvvcNGFI,1716891199,xiaomiwear_app,IXzzRtkG70bQ0XZdgzV2HQ==,0,1717029759
6499811869,object_name,2024/05/27/6499811869/xiaomiwear_app_184026.GmNUZiDa_CCImknc7uk48cwINJ97jvvcNGFI,1716806426,xiaomiwear_app,Y1BUEr28Wn5NgrE-EKynEg==,0,1716807301
6499811869,object_name,2024/05/27/6499811869/xiaomiwear_app_184026.GmNUZiDY_CCImknc7uk48cwINJ97jvvcNGFI,1716806426,xiaomiwear_app,drIOOmrrsg1uGDeUHSmc7w==,0,1716807300
6499811869,object_name,2024/05/26/6499811869/xiaomiwear_app_221213.PUNTZiDa_CCImknc7uk48cwINJ97jvvcNGFI,1716732733,xiaomiwear_app,nfiC3BZpxVSzgukvJkcKuw==,0,1716806426
6499811869,object_name,2024/05/26/6499811869/xiaomiwear_app_221213.PUNTZiDY_CCImknc7uk48cwINJ97jvvcNGFI,1716732733,xiaomiwear_app,3OFnuYe435193x_Gf0Yc8Q==,0,1716806426
6499811869,object_name,2024/05/24/6499811869/514074232_191200.AHZQZiAg_15wrfviLrNNm0wW3o-SsviNmTF4,1716549120,514074232,MduDdglsOd4leTJ5R4W5RA==,0,1716806425
6499811869,object_name,2024/05/24/6499811869/514074232_093000.mO1PZiAg_15wrfviLrNNm0wW3o-SsviNmTF4,1716514200,514074232,e89q8G9A2ioeI9GsvqvWvA==,0,1716806424
6499811869,object_name,2024/05/23/6499811869/514074232_142200.iOBOZiAg_15wrfviLrNNm0wW3o-SsviNmTF4,1716445320,514074232,k-BwDY7QXtq0Uu_23OxZtw==,0,1716806424
6499811869,object_name,2024/05/22/6499811869/514074232_134500.XIZNZiAg_15wrfviLrNNm0wW3o-SsviNmTF4,1716356700,514074232,VUI_RiXDVVunnwiq0rnzPg==,0,1716806423
6499811869,object_name,2024/05/21/6499811869/514074232_231200.wLlMZiAg_15wrfviLrNNm0wW3o-SsviNmTF4,1716304320,514074232,QV_BbfuNVqo17fDl6BefLQ==,0,1716733427
6499811869,object_name,2024/05/20/6499811869/xiaomiwear_app_194954.4jhLZiDa_CCImknc7uk48cwINJ97jvvcNGFI,1716205794,xiaomiwear_app,UNjC-iF8ADmT2iwWhKIQ4g==,0,1716206516
6499811869,object_name,2024/05/20/6499811869/xiaomiwear_app_194954.4jhLZiDY_CCImknc7uk48cwINJ97jvvcNGFI,1716205794,xiaomiwear_app,gEfrsIFBsBAY1kDGZdaJmA==,0,1716206515
6499811869,object_name,2024/05/20/6499811869/xiaomiwear_app_190848.QC9LZiDa_CCImknc7uk48cwINJ97jvvcNGFI,1716203328,xiaomiwear_app,WkpJIE572v1L7_Upzpsm2A==,0,1716206016
6499811869,object_name,2024/05/20/6499811869/xiaomiwear_app_190848.QC9LZiDY_CCImknc7uk48cwINJ97jvvcNGFI,1716203328,xiaomiwear_app,blPT6W0fJxPm6SPGSgt9Ew==,0,1716206016
6499811869,object_name,2024/05/17/6499811869/xiaomiwear_app_182101.jS9HZiDa_CCImknc7uk48cwINJ97jvvcNGFI,1715941261,xiaomiwear_app,9rQrZWfMUYgwSO7RdQ8WYg==,0,1716164512
6499811869,object_name,2024/05/17/6499811869/xiaomiwear_app_182101.jS9HZiDY_CCImknc7uk48cwINJ97jvvcNGFI,1715941261,xiaomiwear_app,74WFRFH28KrRg4QXwm5pjA==,0,1716164513
6499811869,object_name,2024/05/15/6499811869/514074232_144000.wFhEZiAg_15wrfviLrNNm0wW3o-SsviNmTF4,1715755200,514074232,DLfNIvLx88olpqAk2rZ8yA==,0,1716203605
6499811869,object_name,2024/05/14/6499811869/xiaomiwear_app_182315.kztDZiDa_CCImknc7uk48cwINJ97jvvcNGFI,1715682195,xiaomiwear_app,Ssi27393G2iUASn9KjVYOA==,0,1715682583
6499811869,object_name,2024/05/14/6499811869/xiaomiwear_app_182315.kztDZiDY_CCImknc7uk48cwINJ97jvvcNGFI,1715682195,xiaomiwear_app,nle0YuAfPmAI5oLWjJBWgg==,0,1715682581
6499811869,object_name,2024/05/09/6499811869/xiaomiwear_app_184732.xKk8ZiDa_CCImknc7uk48cwINJ97jvvcNGFI,1715251652,xiaomiwear_app,PnVkS3NW58YlPL5eA6TbZA==,0,1715252500
6499811869,object_name,2024/05/09/6499811869/xiaomiwear_app_184732.xKk8ZiDY_CCImknc7uk48cwINJ97jvvcNGFI,1715251652,xiaomiwear_app,mJfAOh6AiBtzfz5IBjH6Dw==,0,1715252500
6499811869,object_name,2024/05/09/6499811869/xiaomiwear_app_182310.DqQ8ZiDa_CCImknc7uk48cwINJ97jvvcNGFI,1715250190,xiaomiwear_app,3ESg7gLxn-GI8M9EzGNOfQ==,0,1715251931
6499811869,object_name,2024/05/09/6499811869/xiaomiwear_app_182310.DqQ8ZiDY_CCImknc7uk48cwINJ97jvvcNGFI,1715250190,xiaomiwear_app,UmEUfEysYT8t6jhZLkpsLg==,0,1715251932
6499811869,object_name,2024/05/08/6499811869/xiaomiwear_app_182704.eFM7ZiDa_CCImknc7uk48cwINJ97jvvcNGFI,1715164024,xiaomiwear_app,7hGp8TZaY8tfVfPzok6SCw==,0,1715250148
6499811869,object_name,2024/05/08/6499811869/xiaomiwear_app_182704.eFM7ZiDY_CCImknc7uk48cwINJ97jvvcNGFI,1715164024,xiaomiwear_app,9xO1cGuFdr-EC9R7v9sb3Q==,0,1715250149
6499811869,object_name,2024/05/07/6499811869/514074232_190246.Vgo6ZiCI_15wrfviLrNNm0wW3o-SsviNmTF4,1715079766,514074232,GbRIUh3qW4YK-hBuAXLaYQ==,0,1715081131
6499811869,object_name,2024/05/07/6499811869/xiaomiwear_app_183743.dwQ6ZiDa_CCImknc7uk48cwINJ97jvvcNGFI,1715078263,xiaomiwear_app,ULDFcM5TgeYk9VXtjuBMNg==,0,1715081130
6499811869,object_name,2024/05/07/6499811869/xiaomiwear_app_183743.dwQ6ZiDY_CCImknc7uk48cwINJ97jvvcNGFI,1715078263,xiaomiwear_app,GdocoByx4uwNt39juTbI-A==,0,1715081129
6499811869,object_name,2024/05/05/6499811869/xiaomiwear_app_171432.-E03ZiDa_CCImknc7uk48cwINJ97jvvcNGFI,1714900472,xiaomiwear_app,selXeOwE5RGOc_cBqcs8HQ==,0,1714990818
6499811869,object_name,2024/05/05/6499811869/xiaomiwear_app_171432.-E03ZiDY_CCImknc7uk48cwINJ97jvvcNGFI,1714900472,xiaomiwear_app,rJfrUhQvvgif5tk4JsuGnw==,0,1714990818
6499811869,object_name,2024/04/29/6499811869/514074232_181500.JHMvZiAg_15wrfviLrNNm0wW3o-SsviNmTF4,1714385700,514074232,5L_NoerOf4vJKl2-pZy4cw==,0,1714900468
6499811869,object_name,2024/04/17/6499811869/xiaomiwear_app_181644.jKEfZiDa_CCImknc7uk48cwINJ97jvvcNGFI,1713349004,xiaomiwear_app,AFX4k8KTyWnjmEpdq7YpKw==,0,1713350329
6499811869,object_name,2024/04/17/6499811869/xiaomiwear_app_181644.jKEfZiDY_CCImknc7uk48cwINJ97jvvcNGFI,1713349004,xiaomiwear_app,-k9dqAoLaZDmKsJ9lZqZwQ==,0,1713350328
6499811869,object_name,2024/04/16/6499811869/514074232_134400.IBAeZiAg_15wrfviLrNNm0wW3o-SsviNmTF4,1713246240,514074232,vAv_M_hdZc0FdG4vdEcLWw==,0,1713350327
6499811869,object_name,2024/04/13/6499811869/xiaomiwear_app_115130.QgEaZiDa_CCImknc7uk48cwINJ97jvvcNGFI,1712980290,xiaomiwear_app,wZBn5oD0CB5_sC80xsbW6g==,0,1713089941
6499811869,object_name,2024/04/13/6499811869/xiaomiwear_app_115130.QgEaZiDY_CCImknc7uk48cwINJ97jvvcNGFI,1712980290,xiaomiwear_app,LKPUvLvr47koZmOjEEW44Q==,0,1713089934
6499811869,object_name,2024/04/13/6499811869/xiaomiwear_app_101509.reoZZiDa_CCImknc7uk48cwINJ97jvvcNGFI,1712974509,xiaomiwear_app,o5VgAfjdTivHcoP7kWn2cA==,0,1712975670
6499811869,object_name,2024/04/13/6499811869/xiaomiwear_app_101509.reoZZiDY_CCImknc7uk48cwINJ97jvvcNGFI,1712974509,xiaomiwear_app,B_VCL0eSNZ2TL5CGG_Q7_Q==,0,1712975670
6499811869,object_name,2024/04/11/6499811869/514074232_143000.aIMXZiAg_15wrfviLrNNm0wW3o-SsviNmTF4,1712817000,514074232,3b8JYwj-9qTtwCPPNtcS0A==,0,1712974521
6499811869,object_name,2024/04/10/6499811869/xiaomiwear_app_180521.YWQWZiDa_CCImknc7uk48cwINJ97jvvcNGFI,1712743521,xiaomiwear_app,KmFkOFvSavhW_Qng36LyyQ==,0,1712744759
6499811869,object_name,2024/04/10/6499811869/xiaomiwear_app_180521.YWQWZiDY_CCImknc7uk48cwINJ97jvvcNGFI,1712743521,xiaomiwear_app,aWYBaR2UHKIYEekyXk4kJg==,0,1712744758
6499811869,object_name,2024/04/08/6499811869/xiaomiwear_app_184844.jMsTZiDa_CCImknc7uk48cwINJ97jvvcNGFI,1712573324,xiaomiwear_app,hiSYSnv9DM281tG0e4edHg==,0,1712573984
6499811869,object_name,2024/04/08/6499811869/xiaomiwear_app_184844.jMsTZiDY_CCImknc7uk48cwINJ97jvvcNGFI,1712573324,xiaomiwear_app,YYJrk4gp_LcXKVAClwzDEg==,0,1712573984
6499811869,object_name,2024/04/08/6499811869/514074232_184528.yMoTZiCI_15wrfviLrNNm0wW3o-SsviNmTF4,1712573128,514074232,Q6c2iCGdGDgvs0cwrFVm0Q==,0,1712573599
6499811869,object_name,2024/04/08/6499811869/xiaomiwear_app_184355.a8oTZiDa_CCImknc7uk48cwINJ97jvvcNGFI,1712573035,xiaomiwear_app,bAdMJ_xGTbGY6rzhpn3mHg==,0,1712573599
6499811869,object_name,2024/04/08/6499811869/xiaomiwear_app_184355.a8oTZiDY_CCImknc7uk48cwINJ97jvvcNGFI,1712573035,xiaomiwear_app,HkrSVAt60GjVv8iGiG4iSg==,0,1712573598
6499811869,object_name,2024/04/08/6499811869/xiaomiwear_app_083308.RDsTZiDa_CCImknc7uk48cwINJ97jvvcNGFI,1712536388,xiaomiwear_app,RANZE5gOqPJaLoUMouFJYg==,0,1712573033
6499811869,object_name,2024/04/08/6499811869/xiaomiwear_app_083308.RDsTZiDY_CCImknc7uk48cwINJ97jvvcNGFI,1712536388,xiaomiwear_app,ygfN8C75KaHl76n0HkkslA==,0,1712573032
6499811869,object_name,2024/04/03/6499811869/xiaomiwear_app_181000.-CoNZiDa_CCImknc7uk48cwINJ97jvvcNGFI,1712139000,xiaomiwear_app,f0ggokxRqFarySOpHPpong==,0,1712302287
6499811869,object_name,2024/04/03/6499811869/xiaomiwear_app_181000.-CoNZiDY_CCImknc7uk48cwINJ97jvvcNGFI,1712139000,xiaomiwear_app,AwjKjbVAis0jt05EsSKt9w==,0,1712302286
6499811869,object_name,2024/03/30/6499811869/514074232_190508.5PEHZiCI_15wrfviLrNNm0wW3o-SsviNmTF4,1711796708,514074232,JD1gp7N1uB-pudXREzZW2g==,0,1712138975
6499811869,object_name,2024/03/28/6499811869/xiaomiwear_app_180745.cUEFZiDa_CCImknc7uk48cwINJ97jvvcNGFI,1711620465,xiaomiwear_app,15cgvx7ekzrnpTVgktVJBg==,0,1711621901
6499811869,object_name,2024/03/28/6499811869/xiaomiwear_app_180745.cUEFZiDY_CCImknc7uk48cwINJ97jvvcNGFI,1711620465,xiaomiwear_app,r6yV-ci9t-0dBmJn2FpyOA==,0,1711621900
6499811869,object_name,2024/03/27/6499811869/514074232_191911.rwAEZiCI_15wrfviLrNNm0wW3o-SsviNmTF4,1711538351,514074232,SFkwvIkrQnHw5OVB81bpWQ==,0,1711620803
6499811869,object_name,2024/03/09/6499811869/514074232_103000.qMnrZSAg_15wrfviLrNNm0wW3o-SsviNmTF4,1709951400,514074232,RdtA_Lk3buRSWxmDaIJWKA==,0,1710238871
6499811869,object_name,2024/03/08/6499811869/514074232_180000.oOHqZSAg_15wrfviLrNNm0wW3o-SsviNmTF4,1709892000,514074232,Bc3yGVgMWUYrAxftCkolBw==,0,1710238870
6499811869,object_name,2024/03/05/6499811869/514074232_081300.jGPmZSAg_15wrfviLrNNm0wW3o-SsviNmTF4,1709597580,514074232,UXMO4G0Cdi0PFWZnwm1Mug==,0,1709864146
6499811869,object_name,2024/02/27/6499811869/514074232_115200.YFzdZSAg_15wrfviLrNNm0wW3o-SsviNmTF4,1709005920,514074232,Zq2C0M0zO7AHNIu9lGjc9g==,0,1709864146
6499811869,object_name,2024/02/27/6499811869/514074232_000000.gLXcZSAg_15wrfviLrNNm0wW3o-SsviNmTF4,1708963200,514074232,YVsJ8LAqW1SCtmy31yulVg==,0,1709864145
6499811869,object_name,2024/02/22/6499811869/xiaomiwear_app_184140.5CTXZSDa_CCImknc7uk48cwINJ97jvvcNGFI,1708598500,xiaomiwear_app,1UgH660Til6BmWkMXr99qg==,0,1708687228
6499811869,object_name,2024/02/22/6499811869/xiaomiwear_app_184140.5CTXZSDY_CCImknc7uk48cwINJ97jvvcNGFI,1708598500,xiaomiwear_app,HgARs8EkfX88Koeon0LlFg==,0,1708687228
6499811869,object_name,2024/02/21/6499811869/514074232_211708.1PfVZSCI_15wrfviLrNNm0wW3o-SsviNmTF4,1708521428,514074232,CIpvN0zdareS0zEJei5WNQ==,0,1708687227
6499811869,object_name,2024/02/21/6499811869/514074232_194909.NePVZSCI_15wrfviLrNNm0wW3o-SsviNmTF4,1708516149,514074232,do2uFd1lQPEuXGwP_k6qJA==,0,1708598477
6499811869,object_name,2024/02/21/6499811869/xiaomiwear_app_194337.6eHVZSCC_CCImknc7uk48cwINJ97jvvcNGFI,1708515817,xiaomiwear_app,1OxgYFKzoruqeKVrEvU45A==,0,1708687226
6499811869,object_name,2024/02/20/6499811869/514074232_074100.DOfTZSAg_15wrfviLrNNm0wW3o-SsviNmTF4,1708386060,514074232,N3ds5cieNvAVnif5Mk_FTQ==,0,1708516171
6499811869,object_name,2024/02/15/6499811869/514074232_150100.rLbNZSAg_15wrfviLrNNm0wW3o-SsviNmTF4,1707980460,514074232,-UFzl8GVW53av6QUtwuBYQ==,0,1708353716
6499811869,object_name,2024/02/03/6499811869/514074232_080100.PIK9ZSAg_15wrfviLrNNm0wW3o-SsviNmTF4,1706918460,514074232,sTydsmwZM0rvKadjGGxc1A==,0,1708353714
6499811869,object_name,2024/01/31/6499811869/514074232_183634.siK6ZSCI_15wrfviLrNNm0wW3o-SsviNmTF4,1706697394,514074232,Be10tZkhw9RTbDJxdhmyCg==,0,1708353717
6499811869,object_name,2024/01/30/6499811869/514074232_185915.g9a4ZSCI_15wrfviLrNNm0wW3o-SsviNmTF4,1706612355,514074232,8Awqo4M_3dACUzZ_JE19iQ==,0,1706704151
6499811869,object_name,2024/01/30/6499811869/xiaomiwear_app_185452.fNW4ZSCC_CCImknc7uk48cwINJ97jvvcNGFI,1706612092,xiaomiwear_app,A9WONJBiLHiXH2PJ4oRz1g==,0,1708151511
6499811869,object_name,2024/01/30/6499811869/514074232_183300.XNC4ZSAg_15wrfviLrNNm0wW3o-SsviNmTF4,1706610780,514074232,E88wNnf5qzHXfaDQo3zTPg==,0,1708257614
6499811869,object_name,2024/01/29/6499811869/xiaomiwear_app_181751.T3u3ZSDa_CCImknc7uk48cwINJ97jvvcNGFI,1706523471,xiaomiwear_app,VMTHbeBB3AiTsfwKQirtrQ==,0,1706526537
6499811869,object_name,2024/01/29/6499811869/xiaomiwear_app_181751.T3u3ZSDY_CCImknc7uk48cwINJ97jvvcNGFI,1706523471,xiaomiwear_app,JWSNtbpsDSFi9v1emi5jEQ==,0,1706526536
6499811869,object_name,2024/01/27/6499811869/514074232_214700.VAm1ZSAg_15wrfviLrNNm0wW3o-SsviNmTF4,1706363220,514074232,kP93NGZs7Cu9rx5_zFBTyw==,0,1706523852
6499811869,object_name,2024/01/27/6499811869/514074232_004900.fOKzZSAg_15wrfviLrNNm0wW3o-SsviNmTF4,1706287740,514074232,ttFQDzssxcH3m93QtVqOeg==,0,1706523851
6499811869,object_name,2024/01/18/6499811869/xiaomiwear_app_181043.I_moZSDa_CCImknc7uk48cwINJ97jvvcNGFI,1705572643,xiaomiwear_app,Uu0bOOTy8e0zDq1vw5Hv1g==,0,1706160155
6499811869,object_name,2024/01/18/6499811869/xiaomiwear_app_181043.I_moZSDY_CCImknc7uk48cwINJ97jvvcNGFI,1705572643,xiaomiwear_app,LvL1edywel_sy-mNNkY6jA==,0,1706160154
6499811869,object_name,2024/01/18/6499811869/514074232_000000.gPmnZSAg_15wrfviLrNNm0wW3o-SsviNmTF4,1705507200,514074232,8ayR50BNWm8VLFG5v8YsQw==,0,1706160180
6499811869,object_name,2024/01/16/6499811869/514074232_182200.yFimZSAg_15wrfviLrNNm0wW3o-SsviNmTF4,1705400520,514074232,R12INiMUGp8w0Gy8Y6aIdg==,0,1706160180
6499811869,object_name,2024/01/16/6499811869/514074232_000000.gFalZSAg_15wrfviLrNNm0wW3o-SsviNmTF4,1705334400,514074232,KR-1PmW4BlFBG0SLmyFuNg==,0,1706160179
6499811869,object_name,2024/01/09/6499811869/xiaomiwear_app_180259.0xmdZSDa_CCImknc7uk48cwINJ97jvvcNGFI,1704794579,xiaomiwear_app,jguzmxFfCnVTp7z1sr9S3A==,0,1704985209
6499811869,object_name,2024/01/09/6499811869/xiaomiwear_app_180259.0xmdZSDY_CCImknc7uk48cwINJ97jvvcNGFI,1704794579,xiaomiwear_app,KVaXkFuMBs8Br9vhAqwVuA==,0,1704985210
6499811869,object_name,2024/01/09/6499811869/514074232_131500.VNacZSAg_15wrfviLrNNm0wW3o-SsviNmTF4,1704777300,514074232,3U86QDnfzv783tMBKMOglw==,0,1704985208
6499811869,object_name,2024/01/07/6499811869/514074232_014200.6JCZZSAg_15wrfviLrNNm0wW3o-SsviNmTF4,1704562920,514074232,6iCIkjXmLgDRwrL1IFNniw==,0,1704985207
6499811869,object_name,2024/01/05/6499811869/xiaomiwear_app_180354.CtSXZSDa_CCImknc7uk48cwINJ97jvvcNGFI,1704449034,xiaomiwear_app,L7AzU9qsDD6pYvnflLs3Jw==,0,1704451203
6499811869,object_name,2024/01/05/6499811869/xiaomiwear_app_180354.CtSXZSDY_CCImknc7uk48cwINJ97jvvcNGFI,1704449034,xiaomiwear_app,xyBfxvFMHKgiX1VunjuNXQ==,0,1704451202
6499811869,object_name,2024/01/04/6499811869/xiaomiwear_app_180719.V4OWZSDa_CCImknc7uk48cwINJ97jvvcNGFI,1704362839,xiaomiwear_app,s9IUxuWGhj8X0phe16HQYA==,0,1704366716
6499811869,object_name,2024/01/04/6499811869/xiaomiwear_app_180719.V4OWZSDY_CCImknc7uk48cwINJ97jvvcNGFI,1704362839,xiaomiwear_app,fKcI2PTEKdRQJASvccyw7Q==,0,1704366717
6499811869,object_name,2024/01/02/6499811869/xiaomiwear_app_181447.F-KTZSDa_CCImknc7uk48cwINJ97jvvcNGFI,1704190487,xiaomiwear_app,bWQv9znZj29mAJWfh62cCg==,0,1704290607
6499811869,object_name,2024/01/02/6499811869/xiaomiwear_app_181447.F-KTZSDY_CCImknc7uk48cwINJ97jvvcNGFI,1704190487,xiaomiwear_app,TDQZna6X7cEzh3K6hrRycg==,0,1704290608
6499811869,object_name,2023/12/27/6499811869/xiaomiwear_app_180800.gPeLZSDa_CCImknc7uk48cwINJ97jvvcNGFI,1703671680,xiaomiwear_app,RbUdHyavdimqBcvXPfZIog==,0,1703673217
6499811869,object_name,2023/12/27/6499811869/xiaomiwear_app_180800.gPeLZSDY_CCImknc7uk48cwINJ97jvvcNGFI,1703671680,xiaomiwear_app,bPl2g8RKAdwgZgvw-oPdEA==,0,1703673216
6499811869,object_name,2023/12/27/6499811869/xiaomiwear_app_084908.hHSLZSDa_CCImknc7uk48cwINJ97jvvcNGFI,1703638148,xiaomiwear_app,wLYlZae7wcYXzo5SwVjAkQ==,0,1703639294
6499811869,object_name,2023/12/27/6499811869/xiaomiwear_app_084908.hHSLZSDY_CCImknc7uk48cwINJ97jvvcNGFI,1703638148,xiaomiwear_app,gBSIHmDuYE7zXAtqxO7jNw==,0,1703639295
6499811869,object_name,2023/12/27/6499811869/xiaomiwear_app_083116.VHCLZSDa_CCImknc7uk48cwINJ97jvvcNGFI,1703637076,xiaomiwear_app,P3PoAmbOsb0G03n--bFrbQ==,0,1703638149
6499811869,object_name,2023/12/27/6499811869/xiaomiwear_app_083116.VHCLZSDY_CCImknc7uk48cwINJ97jvvcNGFI,1703637076,xiaomiwear_app,3CajIW6pBk6SJVCg4cU7uQ==,0,1703638149
6499811869,object_name,2023/12/26/6499811869/xiaomiwear_app_191331.W7WKZSDa_CCImknc7uk48cwINJ97jvvcNGFI,1703589211,xiaomiwear_app,BGzDkDUOw4U5RgqFnLDDnQ==,0,1703637069
6499811869,object_name,2023/12/26/6499811869/xiaomiwear_app_191331.W7WKZSDY_CCImknc7uk48cwINJ97jvvcNGFI,1703589211,xiaomiwear_app,cD8kgK-dBRGrxkkwE37PkQ==,0,1703637068
6499811869,object_name,2023/12/26/6499811869/xiaomiwear_app_180638.rqWKZSDa_CCImknc7uk48cwINJ97jvvcNGFI,1703585198,xiaomiwear_app,rsLeNuxP9Ir1_9u2mBbYgA==,0,1703586435
6499811869,object_name,2023/12/26/6499811869/xiaomiwear_app_180638.rqWKZSDY_CCImknc7uk48cwINJ97jvvcNGFI,1703585198,xiaomiwear_app,cKmzEX6jslTCFicw7pWOiw==,0,1703586434
6499811869,object_name,2023/12/25/6499811869/xiaomiwear_app_183045.1VmJZSDa_CCImknc7uk48cwINJ97jvvcNGFI,1703500245,xiaomiwear_app,WFPCL9dn9WslfaXQ54Y_jw==,0,1703585168
6499811869,object_name,2023/12/25/6499811869/xiaomiwear_app_183045.1VmJZSDY_CCImknc7uk48cwINJ97jvvcNGFI,1703500245,xiaomiwear_app,Vx64HG5kOUFzEh1L2pdvEg==,0,1703585167
6499811869,object_name,2023/12/25/6499811869/xiaomiwear_app_180817.kVSJZSDa_CCImknc7uk48cwINJ97jvvcNGFI,1703498897,xiaomiwear_app,4_Kw0yNZpumVEyivSp4vVA==,0,1703500393
6499811869,object_name,2023/12/25/6499811869/xiaomiwear_app_180817.kVSJZSDY_CCImknc7uk48cwINJ97jvvcNGFI,1703498897,xiaomiwear_app,ZldBGzyz-W1pUvbUFKVCAg==,0,1703500392
6499811869,object_name,2023/12/18/6499811869/514074232_191647.HyqAZSCI_15wrfviLrNNm0wW3o-SsviNmTF4,1702898207,514074232,9amI9axyx1DjLVDNKwhX0A==,0,1703500391
6499811869,object_name,2023/12/18/6499811869/xiaomiwear_app_191520.yCmAZSDa_CCImknc7uk48cwINJ97jvvcNGFI,1702898120,xiaomiwear_app,VE-UwW1dacSU6cE9wPPVBg==,0,1702900975
6499811869,object_name,2023/12/18/6499811869/xiaomiwear_app_191520.yCmAZSDY_CCImknc7uk48cwINJ97jvvcNGFI,1702898120,xiaomiwear_app,uBUYPwIGvCNXipwkL2f6oA==,0,1702900975
6499811869,object_name,2023/12/18/6499811869/xiaomiwear_app_181055.rxqAZSDa_CCImknc7uk48cwINJ97jvvcNGFI,1702894255,xiaomiwear_app,okmp5uuZYuZmfRcihauWlg==,0,1702895053
6499811869,object_name,2023/12/18/6499811869/xiaomiwear_app_181055.rxqAZSDY_CCImknc7uk48cwINJ97jvvcNGFI,1702894255,xiaomiwear_app,RHvbQaFX2bIKuWhvaLtZWA==,0,1702895054
6499811869,object_name,2023/12/16/6499811869/514074232_070100.rNp8ZSAg_15wrfviLrNNm0wW3o-SsviNmTF4,1702681260,514074232,aDKgo1PSqx-a25uOK3rcMQ==,0,1702894693
6499811869,object_name,2023/12/15/6499811869/xiaomiwear_app_180504.0CR8ZSDa_CCImknc7uk48cwINJ97jvvcNGFI,1702634704,xiaomiwear_app,-MC0TRGCXixm2Mgw_hgycQ==,0,1702894691
6499811869,object_name,2023/12/15/6499811869/xiaomiwear_app_180504.0CR8ZSDY_CCImknc7uk48cwINJ97jvvcNGFI,1702634704,xiaomiwear_app,OdHxHQmpCJUH6u6fII1BDw==,0,1702894692
6499811869,object_name,2023/12/14/6499811869/xiaomiwear_app_180946.atR6ZSDa_CCImknc7uk48cwINJ97jvvcNGFI,1702548586,xiaomiwear_app,1zH0mS_s5-f4Gjo_pd45_g==,0,1702550043
6499811869,object_name,2023/12/14/6499811869/xiaomiwear_app_180946.atR6ZSDY_CCImknc7uk48cwINJ97jvvcNGFI,1702548586,xiaomiwear_app,tRUEJqyqW3Cu93H-1nyu0Q==,0,1702550042
6499811869,object_name,2023/12/11/6499811869/xiaomiwear_app_185845.Zet2ZSDa_CCImknc7uk48cwINJ97jvvcNGFI,1702292325,xiaomiwear_app,2C19QSdIFoqhOsBh6xKLFg==,0,1702464826
6499811869,object_name,2023/12/11/6499811869/xiaomiwear_app_185845.Zet2ZSDY_CCImknc7uk48cwINJ97jvvcNGFI,1702292325,xiaomiwear_app,rmZOGztNGUp4vrsmoWJ9Eg==,0,1702464824
6499811869,object_name,2023/12/11/6499811869/xiaomiwear_app_122246.lo52ZSDa_CCImknc7uk48cwINJ97jvvcNGFI,1702268566,xiaomiwear_app,-X8ufNV0pwD_SaBAdD-W1Q==,0,1702292146
6499811869,object_name,2023/12/11/6499811869/xiaomiwear_app_122246.lo52ZSDY_CCImknc7uk48cwINJ97jvvcNGFI,1702268566,xiaomiwear_app,vc8sHZd1jUSv3dPSSTkitQ==,0,1702292145
6499811869,object_name,2023/12/11/6499811869/xiaomiwear_app_082558.Fld2ZSDa_CCImknc7uk48cwINJ97jvvcNGFI,1702254358,xiaomiwear_app,lNPxMGKMDFHCLMtP0xWa9A==,0,1702292144
6499811869,object_name,2023/12/11/6499811869/xiaomiwear_app_082558.Fld2ZSDY_CCImknc7uk48cwINJ97jvvcNGFI,1702254358,xiaomiwear_app,0ow5hRTMkxjJGEngWaWsuQ==,0,1702292145
6499811869,object_name,2023/12/10/6499811869/514074232_204113.6bF1ZSCI_15wrfviLrNNm0wW3o-SsviNmTF4,1702212073,514074232,_xtL0rWzc715__Suqg-OCA==,0,1702292628
6499811869,object_name,2023/12/09/6499811869/xiaomiwear_app_191428.FEx0ZSDa_CCImknc7uk48cwINJ97jvvcNGFI,1702120468,xiaomiwear_app,juuoHPQE4xHyoLO37ofTUQ==,0,1702215688
6499811869,object_name,2023/12/09/6499811869/xiaomiwear_app_191428.FEx0ZSDY_CCImknc7uk48cwINJ97jvvcNGFI,1702120468,xiaomiwear_app,FpLPEujzM_qtfDX6qigj8g==,0,1702215689
6499811869,object_name,2023/12/09/6499811869/514074232_171210.ai90ZSCI_15wrfviLrNNm0wW3o-SsviNmTF4,1702113130,514074232,2wyIMcnH3xK9l1U-OAI-CA==,0,1702215687
6499811869,object_name,2023/12/02/6499811869/xiaomiwear_app_171211.6_RqZSDa_CCImknc7uk48cwINJ97jvvcNGFI,1701508331,xiaomiwear_app,5iGydkMju2Cq9qKR5rso7Q==,0,1701769152
6499811869,object_name,2023/12/02/6499811869/xiaomiwear_app_171211.6_RqZSDY_CCImknc7uk48cwINJ97jvvcNGFI,1701508331,xiaomiwear_app,HzDWbUNnh9zrOu2zXMPh4A==,0,1701769153
6499811869,object_name,2023/12/02/6499811869/514074232_153300.rN1qZSAg_15wrfviLrNNm0wW3o-SsviNmTF4,1701502380,514074232,5QOEWV7UFFrg3DhzjcJMdQ==,0,1701956196
6499811869,object_name,2023/12/02/6499811869/xiaomiwear_app_083955.23xqZSDa_CCImknc7uk48cwINJ97jvvcNGFI,1701477595,xiaomiwear_app,_PHafKTK6_JKu7SHQyZe1w==,0,1701508325
6499811869,object_name,2023/12/02/6499811869/xiaomiwear_app_083955.23xqZSDY_CCImknc7uk48cwINJ97jvvcNGFI,1701477595,xiaomiwear_app,CBUqUMJd6WweizYky_yjaQ==,0,1701508326
6499811869,object_name,2023/12/01/6499811869/xiaomiwear_app_182150.vrNpZSDa_CCImknc7uk48cwINJ97jvvcNGFI,1701426110,xiaomiwear_app,2XzJcCi7LTLRtnMGKiKxlw==,0,1701477593
6499811869,object_name,2023/12/01/6499811869/xiaomiwear_app_182150.vrNpZSDY_CCImknc7uk48cwINJ97jvvcNGFI,1701426110,xiaomiwear_app,js3k52tM8ZS_6FwwpC7rAQ==,0,1701477594
6499811869,object_name,2023/11/30/6499811869/xiaomiwear_app_230641.AaVoZSDa_CCImknc7uk48cwINJ97jvvcNGFI,1701356801,xiaomiwear_app,YJJC_jjATrjeclh-vprJ5g==,0,1701426088
6499811869,object_name,2023/11/30/6499811869/xiaomiwear_app_230641.AaVoZSDY_CCImknc7uk48cwINJ97jvvcNGFI,1701356801,xiaomiwear_app,th8IcphCAbX5Sp8cZsVvQA==,0,1701426088
6499811869,object_name,2023/11/30/6499811869/xiaomiwear_app_180559.h15oZSDa_CCImknc7uk48cwINJ97jvvcNGFI,1701338759,xiaomiwear_app,xG3gHwNz8ZXMxbG17CeLsw==,0,1701339159
6499811869,object_name,2023/11/30/6499811869/xiaomiwear_app_180559.h15oZSDY_CCImknc7uk48cwINJ97jvvcNGFI,1701338759,xiaomiwear_app,i13Mrr0zd0HYMw0dTKzBRQ==,0,1701339160
6499811869,object_name,2023/11/30/6499811869/xiaomiwear_app_121146.ggtoZSDa_CCImknc7uk48cwINJ97jvvcNGFI,1701317506,xiaomiwear_app,grsuAl9Bblu9frdmInMKVQ==,0,1701338684
6499811869,object_name,2023/11/30/6499811869/xiaomiwear_app_121146.ggtoZSDY_CCImknc7uk48cwINJ97jvvcNGFI,1701317506,xiaomiwear_app,EUz0oseWhuzH7J-ye14_7A==,0,1701338685
6499811869,object_name,2023/11/29/6499811869/xiaomiwear_app_130016.YMVmZSDa_CCImknc7uk48cwINJ97jvvcNGFI,1701234016,xiaomiwear_app,RC5sDJo7UbWE8b5XJ-7AlA==,0,1701338681
6499811869,object_name,2023/11/29/6499811869/xiaomiwear_app_130016.YMVmZSDY_CCImknc7uk48cwINJ97jvvcNGFI,1701234016,xiaomiwear_app,wuBeDoTEp_g_bXZjXeM9Pw==,0,1701338682
6499811869,object_name,2023/11/28/6499811869/514074232_200514.etdlZSCI_15wrfviLrNNm0wW3o-SsviNmTF4,1701173114,514074232,Oz3bsFEwrbbPuuJs_Xgvvg==,0,1701317476
6499811869,object_name,2023/11/23/6499811869/xiaomiwear_app_185325.JS9fZSDa_CCImknc7uk48cwINJ97jvvcNGFI,1700736805,xiaomiwear_app,WIjCSAfi2tiCE896yjZmhg==,0,1700754699
6499811869,object_name,2023/11/23/6499811869/xiaomiwear_app_185325.JS9fZSDY_CCImknc7uk48cwINJ97jvvcNGFI,1700736805,xiaomiwear_app,Y7NDF4JVk_Ha7UaWQu9bgw==,0,1700754697
6499811869,object_name,2023/11/22/6499811869/xiaomiwear_app_182139.M9ZdZSDa_CCImknc7uk48cwINJ97jvvcNGFI,1700648499,xiaomiwear_app,A88eNyisL8UJVV745MC3yg==,0,1700658465
6499811869,object_name,2023/11/22/6499811869/xiaomiwear_app_182139.M9ZdZSDY_CCImknc7uk48cwINJ97jvvcNGFI,1700648499,xiaomiwear_app,dPqt9-0O57Cb9DEplRTm0A==,0,1700658466
6499811869,object_name,2023/11/21/6499811869/xiaomiwear_app_180958.9oFcZSDa_CCImknc7uk48cwINJ97jvvcNGFI,1700561398,xiaomiwear_app,t0hScF9QTFIYZjVZkl1bHQ==,0,1700569980
6499811869,object_name,2023/11/21/6499811869/xiaomiwear_app_180958.9oFcZSDY_CCImknc7uk48cwINJ97jvvcNGFI,1700561398,xiaomiwear_app,TRICP3CpguKXuvsO5AXwRQ==,0,1700569980
6499811869,object_name,2023/11/21/6499811869/xiaomiwear_app_125602.YjhcZSDa_CCImknc7uk48cwINJ97jvvcNGFI,1700542562,xiaomiwear_app,S8HyP2Uw-h6ez_Q2SPS1NQ==,0,1700543016
6499811869,object_name,2023/11/21/6499811869/xiaomiwear_app_125602.YjhcZSDY_CCImknc7uk48cwINJ97jvvcNGFI,1700542562,xiaomiwear_app,LzW1ERd-XucOLJ7alBaE-Q==,0,1700543019
6499811869,object_name,2023/11/20/6499811869/514074232_182029.7TJbZSCI_15wrfviLrNNm0wW3o-SsviNmTF4,1700475629,514074232,IHlPZ4wt6Atf1xpUaSW0oQ==,0,1700543015
6499811869,object_name,2023/11/17/6499811869/514074232_204022.Nl9XZSCI_15wrfviLrNNm0wW3o-SsviNmTF4,1700224822,514074232,nQcyJUNUN6cx08oRCZ0UVg==,0,1700237795
6499811869,object_name,2023/11/17/6499811869/514074232_181240.mDxXZSCI_15wrfviLrNNm0wW3o-SsviNmTF4,1700215960,514074232,a2R1lY0jQAkdVEDpaSpxRw==,0,1700237794
6499811869,object_name,2023/11/17/6499811869/514074232_080002.Aq1WZSCI_15wrfviLrNNm0wW3o-SsviNmTF4,1700179202,514074232,oCzDVtk_4H466R2MD_jeAg==,0,1700180332
